Product name,Plan name,Purchase date,Status,Redeem date,Refund date,Transfer date
AgenticFlow,License Tier 4,"May 02, 2025",activated,"July 01, 2025",,
AppSumo Plus Yearly Plan,,"April 08, 2025",unredeemed,,,
Gato GraphQL,Code-based,"March 28, 2025",redeemed,"May 27, 2025",,
Gato GraphQL,Code-based,"March 28, 2025",redeemed,"May 27, 2025",,
Gato GraphQL,Code-based,"March 28, 2025",redeemed,"May 27, 2025",,
Gato GraphQL,Code-based,"March 28, 2025",redeemed,"May 27, 2025",,
Gato GraphQL,Code-based,"March 28, 2025",redeemed,"May 27, 2025",,
Gato GraphQL,Code-based,"March 28, 2025",redeemed,"May 27, 2025",,
ElementsKit - Plus Exclusive,Code-based,"March 09, 2025",redeemed,"May 08, 2025",,
ElementsKit - Plus Exclusive,Code-based,"March 09, 2025",redeemed,"May 08, 2025",,
ElementsKit - Plus Exclusive,Code-based,"March 09, 2025",unredeemed,"May 08, 2025",,
Vadoo AI - Plus Exclusive,License Tier 5,"March 05, 2025",activated,"May 04, 2025",,
NoCode-X,License Tier 3,"March 05, 2025",activated,"May 04, 2025",,
SalesNexus,License Tier 4,"March 02, 2025",activated,"May 01, 2025",,
Subscribr,License Tier 7,"February 28, 2025",activated,"April 29, 2025",,
Polymuse,Code-based,"February 15, 2025",redeemed,"April 16, 2025",,
Polymuse,Code-based,"February 15, 2025",redeemed,"April 16, 2025",,
Polymuse,Code-based,"February 15, 2025",redeemed,"April 16, 2025",,
Polymuse,Code-based,"February 15, 2025",redeemed,"April 16, 2025",,
Polymuse,Code-based,"February 15, 2025",expired,"April 16, 2025",,
Hedy AI,Code-based,"February 09, 2025",expired,"April 10, 2025",,
Krisspy,License Tier 4,"February 07, 2025",activated,"April 08, 2025",,
Krisspy,License Tier 4,"February 07, 2025",activated,"April 08, 2025",,
Krisspy,License Tier 4,"February 06, 2025",activated,"April 07, 2025",,
Roundups,License Tier 3,"February 02, 2025",activated,"April 03, 2025",,
Microthemer,Code-based,"February 02, 2025",redeemed,"April 03, 2025",,
Microthemer,Code-based,"February 02, 2025",redeemed,"April 03, 2025",,
Microthemer,Code-based,"February 02, 2025",redeemed,"April 03, 2025",,
Thoughtly,License Tier 5,"January 31, 2025",activated,"April 01, 2025",,
Viloud,Code-based,"January 27, 2025",redeemed,"March 28, 2025",,
Viloud,Code-based,"January 27, 2025",redeemed,"March 28, 2025",,
Viloud,Code-based,"January 27, 2025",redeemed,"March 28, 2025",,
Viloud,Code-based,"January 27, 2025",redeemed,"March 28, 2025",,
Viloud,Code-based,"January 27, 2025",redeemed,"March 28, 2025",,
Viloud,Code-based,"January 27, 2025",redeemed,"March 28, 2025",,
Viloud,Code-based,"January 27, 2025",redeemed,"March 28, 2025",,
Viloud,Code-based,"January 27, 2025",redeemed,"March 28, 2025",,
Viloud,Code-based,"January 27, 2025",redeemed,"March 28, 2025",,
Viloud,Code-based,"January 27, 2025",redeemed,"March 28, 2025",,
Twidget.io,Code-based,"January 10, 2025",expired,"March 11, 2025",,
Twidget.io,Code-based,"January 10, 2025",expired,"March 11, 2025",,
Twidget.io,Code-based,"January 10, 2025",expired,"March 11, 2025",,
Pickaxe,License Tier 3,"December 27, 2024",activated,"February 25, 2025",,
Brizy Cloud,Code-based,"December 21, 2024",redeemed,"February 19, 2025",,
Brizy Cloud,Code-based,"December 21, 2024",redeemed,"February 19, 2025",,
Brizy Cloud,Code-based,"December 21, 2024",redeemed,"February 19, 2025",,
Brizy Cloud,Code-based,"December 21, 2024",redeemed,"February 19, 2025",,
Brizy Cloud,Code-based,"December 21, 2024",redeemed,"February 19, 2025",,
Brizy Cloud,Code-based,"December 21, 2024",redeemed,"February 19, 2025",,
Brizy Cloud,Code-based,"December 21, 2024",redeemed,"February 19, 2025",,
Brizy Cloud,Code-based,"December 21, 2024",redeemed,"February 19, 2025",,
Brizy Cloud,Code-based,"December 21, 2024",redeemed,"February 19, 2025",,
Brizy Cloud,Code-based,"December 21, 2024",redeemed,"February 19, 2025",,
Cloudshot,Code-based,"December 20, 2024",expired,"February 18, 2025",,
NativeRest,Code-based,"December 20, 2024",redeemed,"February 18, 2025",,
NativeRest,Code-based,"December 20, 2024",redeemed,"February 18, 2025",,
NativeRest,Code-based,"December 20, 2024",redeemed,"February 18, 2025",,
NativeRest,Code-based,"December 20, 2024",redeemed,"February 18, 2025",,
NativeRest,Code-based,"December 20, 2024",redeemed,"February 18, 2025",,
NativeRest,Code-based,"December 20, 2024",redeemed,"February 18, 2025",,
NativeRest,Code-based,"December 20, 2024",redeemed,"February 18, 2025",,
NativeRest,Code-based,"December 20, 2024",redeemed,"February 18, 2025",,
NativeRest,Code-based,"December 20, 2024",redeemed,"February 18, 2025",,
NativeRest,Code-based,"December 20, 2024",redeemed,"February 18, 2025",,
Power Formulas: Use ChatGPT & AI in Google Sheets,Code-based,"December 20, 2024",redeemed,"February 18, 2025",,
SurFast Video Downloader,Code-based,"December 20, 2024",expired,"February 18, 2025",,
SurFast Video Downloader,Code-based,"December 20, 2024",expired,"February 18, 2025",,
SurFast Video Downloader,Code-based,"December 20, 2024",expired,"February 18, 2025",,
SurFast Video Downloader,Code-based,"December 20, 2024",expired,"February 18, 2025",,
Sinosend,Code-based,"December 20, 2024",redeemed,"February 18, 2025",,
Sinosend,Code-based,"December 20, 2024",redeemed,"February 18, 2025",,
Sinosend,Code-based,"December 20, 2024",redeemed,"February 18, 2025",,
Meiro,License Tier 4,"December 20, 2024",activated,"February 18, 2025",,
Blue,License Tier 9,"December 17, 2024",activated,"February 15, 2025",,
Ad Alchemy,License Tier 5,"December 15, 2024",activated,"February 13, 2025",,
Triplo AI,License Tier 4,"December 15, 2024",activated,"February 13, 2025",,
OnlyPrompts,Code-based,"December 14, 2024",redeemed,"February 12, 2025",,
OnlyPrompts,Code-based,"December 14, 2024",redeemed,"February 12, 2025",,
OnlyPrompts,Code-based,"December 14, 2024",redeemed,"February 12, 2025",,
Press Ranger,Code-based,"December 05, 2024",redeemed,"February 03, 2025",,
Press Ranger,Code-based,"December 05, 2024",redeemed,"February 03, 2025",,
Press Ranger,Code-based,"December 05, 2024",redeemed,"February 03, 2025",,
Press Ranger,Code-based,"December 05, 2024",redeemed,"February 03, 2025",,
Press Ranger,Code-based,"December 05, 2024",redeemed,"February 03, 2025",,
Press Ranger,Code-based,"December 05, 2024",redeemed,"February 03, 2025",,
Press Ranger,Code-based,"December 05, 2024",redeemed,"February 03, 2025",,
Press Ranger,Code-based,"December 05, 2024",redeemed,"February 03, 2025",,
Press Ranger,Code-based,"December 05, 2024",redeemed,"February 03, 2025",,
Press Ranger,Code-based,"December 05, 2024",redeemed,"February 03, 2025",,
Nytro SEO,License Tier 4,"December 05, 2024",activated,"February 03, 2025",,
MarkupGo,Code-based,"December 05, 2024",redeemed,"February 03, 2025",,
MarkupGo,Code-based,"December 05, 2024",redeemed,"February 03, 2025",,
MarkupGo,Code-based,"December 05, 2024",redeemed,"February 03, 2025",,
MarkupGo,Code-based,"December 05, 2024",redeemed,"February 03, 2025",,
MarkupGo,Code-based,"December 05, 2024",redeemed,"February 03, 2025",,
MarkupGo,Code-based,"December 05, 2024",redeemed,"February 03, 2025",,
MarkupGo,Code-based,"December 05, 2024",redeemed,"February 03, 2025",,
Gumlet Video,License Tier 6,"December 02, 2024",activated,"January 31, 2025",,
Evolup,License Tier 6,"December 01, 2024",activated,"January 30, 2025",,
Straico,License Tier 3,"November 30, 2024",activated,"January 29, 2025",,
Boost.space,License Tier 4,"November 28, 2024",activated,"April 10, 2025",,
Boost.space,License Tier 4,"November 27, 2024",activated,"April 10, 2025",,
Boost.space,License Tier 4,"November 27, 2024",activated,"April 10, 2025",,
Boost.space,License Tier 4,"November 27, 2024",activated,"January 26, 2025",,
Boost.space,License Tier 4,"November 26, 2024",activated,"January 25, 2025",,
Boost.space,License Tier 4,"November 25, 2024",activated,"January 24, 2025",,
NoCodeBackend,Plan 4,"November 24, 2024",activated,"January 23, 2025",,
Trafft,License Tier 7,"November 23, 2024",activated,"January 22, 2025",,
Animazer,Code-based,"November 10, 2024",redeemed,"January 09, 2025",,
Animazer,Code-based,"November 10, 2024",redeemed,"January 09, 2025",,
JoggAI - Plus Exclusive,License Tier 3,"October 29, 2024",activated,"December 28, 2024",,
Claspo,License Tier 5,"October 28, 2024",activated,"December 27, 2024",,
AahSheet,License Tier 2,"October 24, 2024",activated,"December 23, 2024",,
AppMySite,License Tier 5,"October 21, 2024",activated,"December 20, 2024",,
Dukaan,License Tier 3,"October 10, 2024",activated,"December 09, 2024",,
InVideo Studio,Code-based,"September 21, 2024",expired,"November 20, 2024",,
YeetDL - Plus exclusive,Code-based,"September 12, 2024",expired,"November 11, 2024",,
Taja,Code-based,"September 04, 2024",redeemed,"November 03, 2024",,
Taja,Code-based,"September 04, 2024",redeemed,"November 03, 2024",,
Taja,Code-based,"September 04, 2024",redeemed,"November 03, 2024",,
Taja,Code-based,"September 04, 2024",redeemed,"November 03, 2024",,
Easy Text Marketing Agency Platform,Code-based,"August 30, 2024",redeemed,"October 29, 2024",,
Easy Text Marketing Agency Platform,Code-based,"August 30, 2024",redeemed,"October 29, 2024",,
Easy Text Marketing Agency Platform,Code-based,"August 30, 2024",redeemed,"October 29, 2024",,
Easy Text Marketing Agency Platform,Code-based,"August 30, 2024",redeemed,"October 29, 2024",,
Easy Text Marketing Agency Platform,Code-based,"August 30, 2024",redeemed,"October 29, 2024",,
Quickads,License Tier 5,"August 24, 2024",activated,"October 23, 2024",,
Databar,License Tier 4,"August 22, 2024",activated,"October 21, 2024",,
Boardmix,License Tier 3,"August 10, 2024",activated,"October 09, 2024",,
TeliportMe Virtual Tours,Code-based,"August 08, 2024",redeemed,"October 07, 2024",,
TeliportMe Virtual Tours,Code-based,"August 08, 2024",redeemed,"October 07, 2024",,
TeliportMe Virtual Tours,Code-based,"August 08, 2024",redeemed,"October 07, 2024",,
TeliportMe Virtual Tours,Code-based,"August 08, 2024",redeemed,"October 07, 2024",,
TeliportMe Virtual Tours,Code-based,"August 08, 2024",redeemed,"October 07, 2024",,
Fintable,Code-based,"July 31, 2024",expired,"September 29, 2024",,
Fintable,Code-based,"July 31, 2024",redeemed,"September 29, 2024",,
AffSync,Code-based,"July 11, 2024",expired,"September 09, 2024",,
AppSumo's Mint Marketing Plan,Code-based,"June 15, 2024",expired,"August 14, 2024",,
ElectroNeek,License Tier 5,"June 13, 2024",activated,"August 12, 2024",,
Million Dollar Email Templates 2.0,Million Dollar Email Templates 2.0,"June 12, 2024",activated,"August 11, 2024",,
EmailDelivery.com,License Tier 3,"June 11, 2024",activated,"August 10, 2024",,
ReelCraft,License Tier 3,"June 10, 2024",activated,"August 09, 2024",,
Maekersuite,License Tier 3,"June 10, 2024",activated,"August 09, 2024",,
"Insighto.ai - AI Chatbot & Voice Agents for GHL, WhatsApp, SMS and More",Code-based,"June 08, 2024",redeemed,"August 07, 2024",,
"Insighto.ai - AI Chatbot & Voice Agents for GHL, WhatsApp, SMS and More",Code-based,"June 08, 2024",redeemed,"August 07, 2024",,
"Insighto.ai - AI Chatbot & Voice Agents for GHL, WhatsApp, SMS and More",Code-based,"June 08, 2024",redeemed,"August 07, 2024",,
"Insighto.ai - AI Chatbot & Voice Agents for GHL, WhatsApp, SMS and More",Code-based,"June 08, 2024",redeemed,"August 07, 2024",,
Flexi Domain,License Tier 4,"May 28, 2024",activated,"July 27, 2024",,
Zebracat,License Tier 2,"May 14, 2024",activated,"July 13, 2024",,
Documentero - Document Automation & Generation Software,Code-based,"April 22, 2024",redeemed,"June 21, 2024",,
Documentero - Document Automation & Generation Software,Code-based,"April 22, 2024",redeemed,"June 21, 2024",,
Documentero - Document Automation & Generation Software,Code-based,"April 22, 2024",redeemed,"June 21, 2024",,
My Digital CMO,Code-based,"April 22, 2024",expired,"June 21, 2024",,
My Digital CMO,Code-based,"April 22, 2024",redeemed,"June 21, 2024",,
Certopus,Code-based,"April 18, 2024",redeemed,"June 17, 2024",,
Certopus,Code-based,"April 18, 2024",redeemed,"June 17, 2024",,
Certopus,Code-based,"April 18, 2024",redeemed,"June 17, 2024",,
Certopus,Code-based,"April 18, 2024",redeemed,"June 17, 2024",,
Certopus,Code-based,"April 18, 2024",redeemed,"June 17, 2024",,
Certopus,Code-based,"April 18, 2024",redeemed,"June 17, 2024",,
Certopus,Code-based,"April 18, 2024",redeemed,"June 17, 2024",,
Certopus,Code-based,"April 18, 2024",redeemed,"June 17, 2024",,
Certopus,Code-based,"April 18, 2024",redeemed,"June 17, 2024",,
Certopus,Code-based,"April 18, 2024",redeemed,"June 17, 2024",,
Million Dollar Weekend: The Journal,Digital Download,"April 17, 2024",expired,"June 16, 2024",,
Sidekick Browser,License Tier 3,"April 09, 2024",activated,"June 08, 2024",,
AppSumo Plus Yearly Plan,,"April 08, 2024",expired,,,
Pixso,License Tier 4,"April 06, 2024",activated,"June 05, 2024",,
Xound,License Tier 2,"March 31, 2024",activated,"May 30, 2024",,
SparkReceipt,Code-based,"March 24, 2024",redeemed,"May 23, 2024",,
SparkReceipt,Code-based,"March 24, 2024",redeemed,"May 23, 2024",,
SparkReceipt,Code-based,"March 24, 2024",redeemed,"May 23, 2024",,
SparkReceipt,Code-based,"March 24, 2024",redeemed,"May 23, 2024",,
SparkReceipt,Code-based,"March 24, 2024",redeemed,"May 23, 2024",,
SparkReceipt,Code-based,"March 24, 2024",redeemed,"May 23, 2024",,
SparkReceipt,Code-based,"March 24, 2024",redeemed,"May 23, 2024",,
SparkReceipt,Code-based,"March 24, 2024",redeemed,"May 23, 2024",,
SparkReceipt,Code-based,"March 24, 2024",redeemed,"May 23, 2024",,
SparkReceipt,Code-based,"March 24, 2024",expired,"May 23, 2024",,
Autobound,Code-based,"March 22, 2024",redeemed,"May 21, 2024",,
Autobound,Code-based,"March 22, 2024",redeemed,"May 21, 2024",,
Autobound,Code-based,"March 22, 2024",redeemed,"May 21, 2024",,
Autobound,Code-based,"March 22, 2024",redeemed,"May 21, 2024",,
Autobound,Code-based,"March 22, 2024",expired,"May 21, 2024",,
Marky,License Tier 3,"March 20, 2024",activated,"May 19, 2024",,
OVTLYR,License Tier 1,"March 16, 2024",activated,"May 15, 2024",,
ClickConnector,License Tier 3,"March 13, 2024",activated,"May 12, 2024",,
Rhym,License Tier 4,"March 12, 2024",activated,"May 11, 2024",,
pxl.to - Plus exclusive,Code-based,"March 10, 2024",expired,"May 09, 2024",,
pxl.to - Plus exclusive,Code-based,"March 10, 2024",expired,"May 09, 2024",,
pxl.to - Plus exclusive,Code-based,"March 10, 2024",expired,"May 09, 2024",,
Minvo,License Tier 3,"March 06, 2024",activated,"May 05, 2024",,
BIGVU,Code-based,"March 05, 2024",redeemed,"May 04, 2024",,
BIGVU,Code-based,"March 05, 2024",redeemed,"May 04, 2024",,
Frontly,License Tier 5,"March 04, 2024",activated,"May 03, 2024",,
OneTake AI,License Tier 3,"March 01, 2024",activated,"April 30, 2024",,
Skyblue Analytics,Code-based,"February 29, 2024",expired,"April 29, 2024",,
Pulsetic,License Tier 3,"February 27, 2024",activated,"April 27, 2024",,
BLAZE Transfer,Code-based,"February 27, 2024",redeemed,"April 27, 2024",,
BLAZE Transfer,Code-based,"February 27, 2024",redeemed,"April 27, 2024",,
BLAZE Transfer,Code-based,"February 27, 2024",redeemed,"April 27, 2024",,
BLAZE Transfer,Code-based,"February 27, 2024",redeemed,"April 27, 2024",,
BLAZE Transfer,Code-based,"February 27, 2024",redeemed,"April 27, 2024",,
Vitepos - point of sale (POS),Code-based,"February 27, 2024",redeemed,"April 27, 2024",,
More Good Reviews,Code-based,"February 27, 2024",redeemed,"April 27, 2024",,
More Good Reviews,Code-based,"February 27, 2024",redeemed,"April 27, 2024",,
More Good Reviews,Code-based,"February 27, 2024",redeemed,"April 27, 2024",,
BrandBay,License Tier 4,"February 25, 2024",activated,"April 25, 2024",,
Anny.trade,License Tier 2,"February 23, 2024",activated,"April 23, 2024",,
How to create your first CRM if you're starting a business ‚Äì Plus exclusive Masterclass,Digital Download,"February 22, 2024",expired,"April 22, 2024",,
Lindo Ai,License Tier 5,"February 18, 2024",activated,"April 18, 2024",,
SuiteDash,Code-based,"February 15, 2024",redeemed,"April 15, 2024",,
SuiteDash,Code-based,"February 15, 2024",redeemed,"April 15, 2024",,
SuiteDash,Code-based,"February 15, 2024",redeemed,"April 15, 2024",,
SuiteDash,Code-based,"February 15, 2024",redeemed,"April 15, 2024",,
SuiteDash,Code-based,"February 15, 2024",redeemed,"April 15, 2024",,
SuiteDash,Code-based,"February 15, 2024",redeemed,"April 15, 2024",,
SuiteDash,Code-based,"February 15, 2024",redeemed,"April 15, 2024",,
SuiteDash,Code-based,"February 15, 2024",redeemed,"April 15, 2024",,
SuiteDash,Code-based,"February 15, 2024",redeemed,"April 15, 2024",,
SuiteDash,Code-based,"February 15, 2024",redeemed,"April 15, 2024",,
ProductLift,Code-based,"February 14, 2024",redeemed,"April 14, 2024",,
ProductLift,Code-based,"February 14, 2024",redeemed,"April 14, 2024",,
ProductLift,Code-based,"February 14, 2024",redeemed,"April 14, 2024",,
ProductLift,Code-based,"February 14, 2024",redeemed,"April 14, 2024",,
ProductLift,Code-based,"February 14, 2024",redeemed,"April 14, 2024",,
Partnero,License Tier 3,"February 13, 2024",activated,"April 13, 2024",,
Claritee,Code-based,"February 13, 2024",redeemed,"April 13, 2024",,
Claritee,Code-based,"February 13, 2024",redeemed,"April 13, 2024",,
Claritee,Code-based,"February 13, 2024",redeemed,"April 13, 2024",,
SuiteDash,Code-based,"February 12, 2024",redeemed,"April 12, 2024",,
SuiteDash,Code-based,"February 12, 2024",redeemed,"April 12, 2024",,
SuiteDash,Code-based,"February 12, 2024",redeemed,"April 12, 2024",,
SuiteDash,Code-based,"February 12, 2024",redeemed,"April 12, 2024",,
SuiteDash,Code-based,"February 12, 2024",redeemed,"April 12, 2024",,
SuiteDash,Code-based,"February 12, 2024",redeemed,"April 12, 2024",,
SuiteDash,Code-based,"February 12, 2024",redeemed,"April 12, 2024",,
SuiteDash,Code-based,"February 12, 2024",redeemed,"April 12, 2024",,
SuiteDash,Code-based,"February 12, 2024",redeemed,"April 12, 2024",,
SuiteDash,Code-based,"February 12, 2024",redeemed,"April 12, 2024",,
Ideanote,Code-based,"February 12, 2024",redeemed,"April 12, 2024",,
Ideanote,Code-based,"February 12, 2024",redeemed,"April 12, 2024",,
Ideanote,Code-based,"February 12, 2024",redeemed,"April 12, 2024",,
Ideanote,Code-based,"February 12, 2024",redeemed,"April 12, 2024",,
Ideanote,Code-based,"February 12, 2024",redeemed,"April 12, 2024",,
Ideanote,Code-based,"February 12, 2024",redeemed,"April 12, 2024",,
Ideanote,Code-based,"February 12, 2024",redeemed,"April 12, 2024",,
Ideanote,Code-based,"February 12, 2024",redeemed,"April 12, 2024",,
Ideanote,Code-based,"February 12, 2024",redeemed,"April 12, 2024",,
Ideanote,Code-based,"February 12, 2024",redeemed,"April 12, 2024",,
Guidejar,Code-based,"February 12, 2024",redeemed,"April 12, 2024",,
Guidejar,Code-based,"February 12, 2024",redeemed,"April 12, 2024",,
AITable.ai,License Tier 5,"February 12, 2024",activated,"April 12, 2024",,
AltText.ai,License Tier 3,"February 09, 2024",activated,"April 09, 2024",,
SuiteDash,Code-based,"February 08, 2024",redeemed,"April 08, 2024",,
SuiteDash,Code-based,"February 08, 2024",redeemed,"April 08, 2024",,
SuiteDash,Code-based,"February 08, 2024",redeemed,"April 08, 2024",,
SuiteDash,Code-based,"February 08, 2024",redeemed,"April 08, 2024",,
SuiteDash,Code-based,"February 08, 2024",redeemed,"April 08, 2024",,
SuiteDash,Code-based,"February 08, 2024",redeemed,"April 08, 2024",,
SuiteDash,Code-based,"February 08, 2024",redeemed,"April 08, 2024",,
SuiteDash,Code-based,"February 08, 2024",redeemed,"April 08, 2024",,
SuiteDash,Code-based,"February 08, 2024",redeemed,"April 08, 2024",,
SuiteDash,Code-based,"February 08, 2024",redeemed,"April 08, 2024",,
Consolto,License Tier 5,"January 31, 2024",activated,"March 31, 2024",,
SuiteDash,Code-based,"January 28, 2024",redeemed,"March 28, 2024",,
SuiteDash,Code-based,"January 28, 2024",redeemed,"March 28, 2024",,
SuiteDash,Code-based,"January 28, 2024",redeemed,"March 28, 2024",,
SuiteDash,Code-based,"January 27, 2024",redeemed,"March 27, 2024",,
SuiteDash,Code-based,"January 27, 2024",redeemed,"March 27, 2024",,
SuiteDash,Code-based,"January 27, 2024",redeemed,"March 27, 2024",,
SuiteDash,Code-based,"January 27, 2024",redeemed,"March 27, 2024",,
SuiteDash,Code-based,"January 27, 2024",redeemed,"March 27, 2024",,
SuiteDash,Code-based,"January 27, 2024",redeemed,"March 27, 2024",,
SuiteDash,Code-based,"January 27, 2024",redeemed,"March 27, 2024",,
SuiteDash,Code-based,"January 25, 2024",redeemed,"March 25, 2024",,
SuiteDash,Code-based,"January 25, 2024",redeemed,"March 25, 2024",,
SuiteDash,Code-based,"January 25, 2024",redeemed,"March 25, 2024",,
SuiteDash,Code-based,"January 25, 2024",redeemed,"March 25, 2024",,
SuiteDash,Code-based,"January 25, 2024",redeemed,"March 25, 2024",,
SuiteDash,Code-based,"January 25, 2024",redeemed,"March 25, 2024",,
SuiteDash,Code-based,"January 25, 2024",redeemed,"March 25, 2024",,
SuiteDash,Code-based,"January 25, 2024",redeemed,"March 25, 2024",,
SuiteDash,Code-based,"January 25, 2024",redeemed,"March 25, 2024",,
SuiteDash,Code-based,"January 25, 2024",redeemed,"March 25, 2024",,
SuiteDash,Code-based,"January 21, 2024",redeemed,"March 21, 2024",,
SuiteDash,Code-based,"January 21, 2024",redeemed,"March 21, 2024",,
SuiteDash,Code-based,"January 21, 2024",redeemed,"March 21, 2024",,
SuiteDash,Code-based,"January 21, 2024",redeemed,"March 21, 2024",,
SuiteDash,Code-based,"January 21, 2024",redeemed,"March 21, 2024",,
SuiteDash,Code-based,"January 21, 2024",redeemed,"March 21, 2024",,
SuiteDash,Code-based,"January 21, 2024",redeemed,"March 21, 2024",,
SuiteDash,Code-based,"January 21, 2024",redeemed,"March 21, 2024",,
Happierleads,Code-based,"January 02, 2024",redeemed,"March 02, 2024",,
Happierleads,Code-based,"January 02, 2024",redeemed,"March 02, 2024",,
Happierleads,Code-based,"January 02, 2024",redeemed,"March 02, 2024",,
Happierleads,Code-based,"January 02, 2024",redeemed,"March 02, 2024",,
Happierleads,Code-based,"January 02, 2024",redeemed,"March 02, 2024",,
Happierleads,Code-based,"January 02, 2024",redeemed,"March 02, 2024",,
Happierleads,Code-based,"January 02, 2024",redeemed,"March 02, 2024",,
Happierleads,Code-based,"January 02, 2024",redeemed,"March 02, 2024",,
Happierleads,Code-based,"January 02, 2024",redeemed,"March 02, 2024",,
Happierleads,Code-based,"January 02, 2024",redeemed,"March 02, 2024",,
VBOUT,License Tier 5,"November 28, 2023",activated,"January 27, 2024",,
Modeliks,Code-based,"November 27, 2023",expired,"January 26, 2024",,
Modeliks,Code-based,"October 30, 2023",redeemed,"December 29, 2023",,
Modeliks,Code-based,"October 30, 2023",expired,"December 29, 2023",,
Afforai,License Tier 3,"October 30, 2023",activated,"December 29, 2023",,
Blogify,Code-based,"October 06, 2023",redeemed,"December 05, 2023",,
Blogify,Code-based,"October 06, 2023",redeemed,"December 05, 2023",,
Blogify,Code-based,"October 06, 2023",expired,"December 05, 2023",,
SMS-iT CRM,License Tier 4,"September 30, 2023",activated,"November 29, 2023",,
Sessions,License Tier 5,"September 08, 2023",activated,"November 07, 2023",,
Activepieces,License Tier 3,"August 26, 2023",activated,"October 25, 2023",,
Radiolize,License Tier 3,"August 15, 2023",activated,"October 14, 2023",,
SheetMagic: ChatGPT + Google Sheets Integration,Code-based,"August 12, 2023",redeemed,"October 11, 2023",,
SheetMagic: ChatGPT + Google Sheets Integration,Code-based,"August 12, 2023",redeemed,"October 11, 2023",,
SheetMagic: ChatGPT + Google Sheets Integration,Code-based,"August 12, 2023",redeemed,"October 11, 2023",,
SheetMagic: ChatGPT + Google Sheets Integration,Code-based,"August 12, 2023",redeemed,"October 11, 2023",,
TaskMagic,License Tier 4,"August 09, 2023",activated,"October 08, 2023",,
Vista Social,License Tier 4,"July 20, 2023",activated,"September 18, 2023",,
Missinglettr,Code-based,"July 18, 2023",redeemed,"September 16, 2023",,
Missinglettr,Code-based,"July 18, 2023",redeemed,"September 16, 2023",,
Missinglettr,Code-based,"July 18, 2023",expired,"September 16, 2023",,
Chargebee,Code-based,"July 18, 2023",redeemed,"September 16, 2023",,
"Content Creation, Productivity, and Entrepreneurship",Digital Download,"July 10, 2023",expired,"September 08, 2023",,
Power Personas,Code-based,"June 18, 2023",expired,"August 17, 2023",,
Sticker Mule Custom Magnets,Code-based,"June 17, 2023",expired,"August 16, 2023",,
Adscook,License Tier 3,"June 16, 2023",activated,"August 15, 2023",,
illow,License Tier 3,"June 15, 2023",activated,"August 14, 2023",,
BIGVU,Code-based,"June 15, 2023",expired,"August 14, 2023",,
PubCoder - Plus exclusive,License Tier 3,"June 15, 2023",activated,"August 14, 2023",,
Albato,License Tier 3,"June 14, 2023",activated,"August 13, 2023",,
If-So - Plus exclusive,Code-based,"June 14, 2023",redeemed,"August 13, 2023",,
If-So - Plus exclusive,Code-based,"June 14, 2023",redeemed,"August 13, 2023",,
If-So - Plus exclusive,Code-based,"June 14, 2023",redeemed,"August 13, 2023",,
If-So - Plus exclusive,Code-based,"June 14, 2023",redeemed,"August 13, 2023",,
If-So - Plus exclusive,Code-based,"June 14, 2023",redeemed,"August 13, 2023",,
Textmetrics SME,Code-based,"June 11, 2023",redeemed,"August 10, 2023",,
Textmetrics SME,Code-based,"June 11, 2023",redeemed,"August 10, 2023",,
Textmetrics SME,Code-based,"June 11, 2023",redeemed,"August 10, 2023",,
ScreenRun,Code-based,"June 11, 2023",redeemed,"August 10, 2023",,
UPDF - PDF Editor All Platforms for Individuals,Code-based,"June 11, 2023",redeemed,"August 10, 2023",,
Utrrr Text To Speech,Code-based,"June 04, 2023",expired,"August 03, 2023",,
Sparrow - Plus exclusive,Code-based,"June 03, 2023",redeemed,"August 02, 2023",,
Sparrow - Plus exclusive,Code-based,"June 03, 2023",redeemed,"August 02, 2023",,
Sparrow - Plus exclusive,Code-based,"June 03, 2023",redeemed,"August 02, 2023",,
Sparrow - Plus exclusive,Code-based,"June 03, 2023",redeemed,"August 02, 2023",,
Sparrow - Plus exclusive,Code-based,"June 03, 2023",redeemed,"August 02, 2023",,
Sparrow - Plus exclusive,Code-based,"June 03, 2023",redeemed,"August 02, 2023",,
Sparrow - Plus exclusive,Code-based,"June 03, 2023",redeemed,"August 02, 2023",,
Sparrow - Plus exclusive,Code-based,"June 03, 2023",redeemed,"August 02, 2023",,
Sparrow - Plus exclusive,Code-based,"June 03, 2023",redeemed,"August 02, 2023",,
Sparrow - Plus exclusive,Code-based,"June 03, 2023",expired,"August 02, 2023",,
Voil√†,License Tier 2,"May 28, 2023",activated,"July 27, 2023",,
RepliQ,License Tier 3,"May 28, 2023",activated,"July 27, 2023",,
Chatbase,License Tier 2,"May 27, 2023",activated,"July 26, 2023",,
Notice,License Tier 2,"May 18, 2023",activated,"July 17, 2023",,
CubeWP - Plus exclusive,License Tier 4,"May 18, 2023",activated,"July 17, 2023",,
Copilotly,License Tier 3,"May 18, 2023",activated,"July 17, 2023",,
Fouita Smart Widgets,Code-based,"May 16, 2023",redeemed,"July 15, 2023",,
Fouita Smart Widgets,Code-based,"May 16, 2023",redeemed,"July 15, 2023",,
Creasquare,License Tier 4,"May 16, 2023",activated,"July 15, 2023",,
Stepsy,Code-based,"May 16, 2023",redeemed,"July 15, 2023",,
Linguix Turbo,Code-based,"May 16, 2023",expired,"July 15, 2023",,
Linguix Turbo,Code-based,"May 16, 2023",redeemed,"July 15, 2023",,
Linguix Turbo,Code-based,"May 16, 2023",redeemed,"July 15, 2023",,
Persona Music,License Tier 2,"May 08, 2023",activated,"July 07, 2023",,
PROCESIO,License Tier 5,"May 06, 2023",activated,"July 05, 2023",,
Castmagic,Code-based,"May 03, 2023",redeemed,"July 02, 2023",,
Castmagic,Code-based,"May 03, 2023",expired,"July 02, 2023",,
Castmagic,Code-based,"May 03, 2023",expired,"July 02, 2023",,
Booltool - Plus exclusive,License Tier 2,"May 02, 2023",activated,"July 01, 2023",,
Novocall,Code-based,"April 30, 2023",redeemed,"June 29, 2023",,
Novocall,Code-based,"April 30, 2023",redeemed,"June 29, 2023",,
Novocall,Code-based,"April 30, 2023",redeemed,"June 29, 2023",,
Novocall,Code-based,"April 30, 2023",redeemed,"June 29, 2023",,
Novocall,Code-based,"April 30, 2023",redeemed,"June 29, 2023",,
Novocall,Code-based,"April 30, 2023",redeemed,"June 29, 2023",,
Novocall,Code-based,"April 30, 2023",redeemed,"June 29, 2023",,
Novocall,Code-based,"April 30, 2023",redeemed,"June 29, 2023",,
Novocall,Code-based,"April 30, 2023",redeemed,"June 29, 2023",,
Novocall,Code-based,"April 30, 2023",redeemed,"June 29, 2023",,
ZeroWork,License Tier 2,"April 27, 2023",activated,"June 26, 2023",,
Git Aset,Code-based,"April 26, 2023",expired,"June 25, 2023",,
Popupular,Code-based,"April 26, 2023",expired,"June 25, 2023",,
Creative Tim,Code-based,"April 26, 2023",expired,"June 25, 2023",,
Fignel - Making your design dream come true,Code-based,"April 25, 2023",expired,"June 24, 2023",,
GoBrunch,License Tier 3,"April 25, 2023",activated,"June 24, 2023",,
Prefinery,Code-based,"April 25, 2023",expired,"June 24, 2023",,
tinyEmail - Plus exclusive,License Tier 4,"April 21, 2023",activated,"June 20, 2023",,
Google Maps Scraper,Code-based,"April 19, 2023",redeemed,"June 18, 2023",,
Google Maps Scraper,Code-based,"April 19, 2023",redeemed,"June 18, 2023",,
Google Maps Scraper,Code-based,"April 19, 2023",redeemed,"June 18, 2023",,
CallScaler - Call Tracking Software,Code-based,"April 14, 2023",expired,"June 13, 2023",,
CallScaler - Call Tracking Software,Code-based,"April 14, 2023",redeemed,"June 13, 2023",,
CallScaler - Call Tracking Software,Code-based,"April 14, 2023",redeemed,"June 13, 2023",,
CallScaler - Call Tracking Software,Code-based,"April 14, 2023",redeemed,"June 13, 2023",,
CallScaler - Call Tracking Software,Code-based,"April 14, 2023",redeemed,"June 13, 2023",,
CallScaler - Call Tracking Software,Code-based,"April 14, 2023",redeemed,"June 13, 2023",,
CallScaler - Call Tracking Software,Code-based,"April 14, 2023",redeemed,"June 13, 2023",,
CallScaler - Call Tracking Software,Code-based,"April 14, 2023",redeemed,"June 13, 2023",,
CallScaler - Call Tracking Software,Code-based,"April 14, 2023",expired,"June 13, 2023",,
Publitio,Code-based,"April 13, 2023",redeemed,"June 12, 2023",,
Publitio,Code-based,"April 13, 2023",redeemed,"June 12, 2023",,
Publitio,Code-based,"April 13, 2023",redeemed,"June 12, 2023",,
Publitio,Code-based,"April 13, 2023",redeemed,"June 12, 2023",,
Publitio,Code-based,"April 13, 2023",redeemed,"June 12, 2023",,
Publitio,Code-based,"April 13, 2023",redeemed,"June 12, 2023",,
Publitio,Code-based,"April 13, 2023",redeemed,"June 12, 2023",,
Publitio,Code-based,"April 13, 2023",redeemed,"June 12, 2023",,
Publitio,Code-based,"April 13, 2023",redeemed,"June 12, 2023",,
Publitio,Code-based,"April 13, 2023",redeemed,"June 12, 2023",,
Reoon Email Verifier,Code-based,"April 09, 2023",redeemed,"June 08, 2023",,
Reoon Email Verifier,Code-based,"April 09, 2023",redeemed,"June 08, 2023",,
Reoon Email Verifier,Code-based,"April 09, 2023",redeemed,"June 08, 2023",,
Reoon Email Verifier,Code-based,"April 09, 2023",redeemed,"June 08, 2023",,
Reoon Email Verifier,Code-based,"April 09, 2023",redeemed,"June 08, 2023",,
Salespanel,Code-based,"April 09, 2023",redeemed,"June 08, 2023",,
Salespanel,Code-based,"April 09, 2023",redeemed,"June 08, 2023",,
Salespanel,Code-based,"April 09, 2023",redeemed,"June 08, 2023",,
Salespanel,Code-based,"April 09, 2023",redeemed,"June 08, 2023",,
Salespanel,Code-based,"April 09, 2023",redeemed,"June 08, 2023",,
Recooty,License Tier 3,"April 08, 2023",activated,"June 07, 2023",,
Recooty,License Tier 3,"April 08, 2023",activated,"June 07, 2023",,
Recooty,License Tier 3,"April 08, 2023",activated,"June 07, 2023",,
Recooty,License Tier 3,"April 08, 2023",activated,"June 07, 2023",,
SFTPCloud,License Tier 5,"April 04, 2023",activated,"June 03, 2023",,
BannerBoo - Plus Exclusive,License Tier 3,"April 03, 2023",activated,"June 02, 2023",,
AppSumo Plus Yearly Plan,,"April 02, 2023",expired,,,
Img.Upscaler,Code-based,"March 29, 2023",expired,"May 28, 2023",,
Buzzy - No Code App Builder for Figma,Code-based,"March 29, 2023",expired,"May 28, 2023",,
Tagmate,Code-based,"March 27, 2023",redeemed,"May 26, 2023",,
Tagmate,Code-based,"March 27, 2023",redeemed,"May 26, 2023",,
Tagmate,Code-based,"March 27, 2023",redeemed,"May 26, 2023",,
Tagmate,Code-based,"March 27, 2023",redeemed,"May 26, 2023",,
Tagmate,Code-based,"March 27, 2023",redeemed,"May 26, 2023",,
Tagmate,Code-based,"March 27, 2023",redeemed,"May 26, 2023",,
FacePop,Code-based,"March 27, 2023",redeemed,"May 26, 2023",,
FacePop,Code-based,"March 27, 2023",redeemed,"May 26, 2023",,
FacePop,Code-based,"March 27, 2023",expired,"May 26, 2023",,
TOZO - Social Media Scheduling Tool,Code-based,"March 19, 2023",redeemed,"May 18, 2023",,
TOZO - Social Media Scheduling Tool,Code-based,"March 19, 2023",redeemed,"May 18, 2023",,
TOZO - Social Media Scheduling Tool,Code-based,"March 19, 2023",redeemed,"May 18, 2023",,
TOZO - Social Media Scheduling Tool,Code-based,"March 19, 2023",redeemed,"May 18, 2023",,
TOZO - Social Media Scheduling Tool,Code-based,"March 19, 2023",redeemed,"May 18, 2023",,
LeadPal,Code-based,"March 17, 2023",redeemed,"May 16, 2023",,
LeadPal,Code-based,"March 17, 2023",redeemed,"May 16, 2023",,
LeadPal,Code-based,"March 17, 2023",redeemed,"May 16, 2023",,
RateMyService ‚ù§Ô∏è‚≠êüòÅ,Code-based,"March 16, 2023",expired,"May 15, 2023",,
BrandNav,Code-based,"March 15, 2023",redeemed,"May 14, 2023",,
BrandNav,Code-based,"March 15, 2023",redeemed,"May 14, 2023",,
BrandNav,Code-based,"March 15, 2023",redeemed,"May 14, 2023",,
BrandNav,Code-based,"March 15, 2023",redeemed,"May 14, 2023",,
Clodura.AI,Code-based,"March 12, 2023",redeemed,"May 11, 2023",,
Clodura.AI,Code-based,"March 12, 2023",redeemed,"May 11, 2023",,
Clodura.AI,Code-based,"March 12, 2023",redeemed,"May 11, 2023",,
Clodura.AI,Code-based,"March 12, 2023",redeemed,"May 11, 2023",,
Clodura.AI,Code-based,"March 12, 2023",expired,"May 11, 2023",,
RelayThat,Code-based,"March 11, 2023",redeemed,"May 10, 2023",,
RelayThat,Code-based,"March 11, 2023",redeemed,"May 10, 2023",,
RelayThat,Code-based,"March 11, 2023",redeemed,"May 10, 2023",,
RelayThat,Code-based,"March 11, 2023",redeemed,"May 10, 2023",,
RelayThat,Code-based,"March 11, 2023",redeemed,"May 10, 2023",,
SuiteDash,Code-based,"March 02, 2023",redeemed,"May 01, 2023",,
SuiteDash,Code-based,"March 02, 2023",redeemed,"May 01, 2023",,
SuiteDash,Code-based,"March 02, 2023",redeemed,"May 01, 2023",,
SuiteDash,Code-based,"March 02, 2023",redeemed,"May 01, 2023",,
SuiteDash,Code-based,"March 02, 2023",redeemed,"May 01, 2023",,
SuiteDash,Code-based,"March 02, 2023",redeemed,"May 01, 2023",,
SuiteDash,Code-based,"March 02, 2023",redeemed,"May 01, 2023",,
SuiteDash,Code-based,"March 02, 2023",redeemed,"May 01, 2023",,
SuiteDash,Code-based,"March 02, 2023",redeemed,"May 01, 2023",,
SuiteDash,Code-based,"March 02, 2023",redeemed,"May 01, 2023",,
SuiteDash,Code-based,"February 26, 2023",redeemed,"April 27, 2023",,
SuiteDash,Code-based,"February 26, 2023",redeemed,"April 27, 2023",,
SuiteDash,Code-based,"February 26, 2023",redeemed,"April 27, 2023",,
SuiteDash,Code-based,"February 26, 2023",redeemed,"April 27, 2023",,
SuiteDash,Code-based,"February 26, 2023",redeemed,"April 27, 2023",,
SuiteDash,Code-based,"February 26, 2023",redeemed,"April 27, 2023",,
SuiteDash,Code-based,"February 26, 2023",redeemed,"April 27, 2023",,
SuiteDash,Code-based,"February 26, 2023",redeemed,"April 27, 2023",,
SuiteDash,Code-based,"February 26, 2023",redeemed,"April 27, 2023",,
SuiteDash,Code-based,"February 26, 2023",redeemed,"April 27, 2023",,
SuiteDash,Code-based,"February 21, 2023",redeemed,"April 22, 2023",,
SuiteDash,Code-based,"February 21, 2023",redeemed,"April 22, 2023",,
SuiteDash,Code-based,"February 21, 2023",redeemed,"April 22, 2023",,
SuiteDash,Code-based,"February 21, 2023",redeemed,"April 22, 2023",,
SuiteDash,Code-based,"February 21, 2023",redeemed,"April 22, 2023",,
SuiteDash,Code-based,"February 21, 2023",redeemed,"April 22, 2023",,
SuiteDash,Code-based,"February 21, 2023",redeemed,"April 22, 2023",,
SuiteDash,Code-based,"February 21, 2023",redeemed,"April 22, 2023",,
SuiteDash,Code-based,"February 18, 2023",redeemed,"April 19, 2023",,
SuiteDash,Code-based,"February 18, 2023",redeemed,"April 19, 2023",,
SuiteDash,Code-based,"February 18, 2023",redeemed,"April 19, 2023",,
SuiteDash,Code-based,"February 18, 2023",redeemed,"April 19, 2023",,
SuiteDash,Code-based,"February 18, 2023",redeemed,"April 19, 2023",,
SuiteDash,Code-based,"February 18, 2023",redeemed,"April 19, 2023",,
SuiteDash,Code-based,"February 18, 2023",redeemed,"April 19, 2023",,
SuiteDash,Code-based,"February 18, 2023",redeemed,"April 19, 2023",,
SuiteDash,Code-based,"February 18, 2023",redeemed,"April 19, 2023",,
SuiteDash,Code-based,"February 18, 2023",redeemed,"April 19, 2023",,
School of Growth Hacking: Strategy & Lead Generation Masterclass,Code-based,"February 16, 2023",expired,"April 17, 2023",,
Pixelied,Code-based,"February 15, 2023",redeemed,"April 16, 2023",,
Pixelied,Code-based,"February 15, 2023",redeemed,"April 16, 2023",,
Pixelied,Code-based,"February 15, 2023",redeemed,"April 16, 2023",,
Pixelied,Code-based,"February 15, 2023",redeemed,"April 16, 2023",,
Pixelied,Code-based,"February 15, 2023",expired,"April 16, 2023",,
SuiteDash,Code-based,"February 12, 2023",redeemed,"April 13, 2023",,
SuiteDash,Code-based,"February 12, 2023",redeemed,"April 13, 2023",,
SuiteDash,Code-based,"February 12, 2023",redeemed,"April 13, 2023",,
SuiteDash,Code-based,"February 12, 2023",redeemed,"April 13, 2023",,
SuiteDash,Code-based,"February 12, 2023",redeemed,"April 13, 2023",,
SuiteDash,Code-based,"February 12, 2023",redeemed,"April 13, 2023",,
SuiteDash,Code-based,"February 12, 2023",redeemed,"April 13, 2023",,
SuiteDash,Code-based,"February 12, 2023",redeemed,"April 13, 2023",,
SuiteDash,Code-based,"February 12, 2023",redeemed,"April 13, 2023",,
SuiteDash,Code-based,"February 12, 2023",redeemed,"April 13, 2023",,
SuiteDash,Code-based,"February 12, 2023",redeemed,"April 13, 2023",,
SuiteDash,Code-based,"February 12, 2023",redeemed,"April 13, 2023",,
SuiteDash,Code-based,"February 12, 2023",redeemed,"April 13, 2023",,
SuiteDash,Code-based,"February 12, 2023",redeemed,"April 13, 2023",,
SuiteDash,Code-based,"February 12, 2023",redeemed,"April 13, 2023",,
SuiteDash,Code-based,"February 12, 2023",redeemed,"April 13, 2023",,
SuiteDash,Code-based,"February 12, 2023",redeemed,"April 13, 2023",,
SuiteDash,Code-based,"February 12, 2023",redeemed,"April 13, 2023",,
SuiteDash,Code-based,"February 12, 2023",redeemed,"April 13, 2023",,
SuiteDash,Code-based,"February 12, 2023",redeemed,"April 13, 2023",,
SuiteDash,Code-based,"February 12, 2023",redeemed,"April 13, 2023",,
SuiteDash,Code-based,"February 12, 2023",redeemed,"April 13, 2023",,
SuiteDash,Code-based,"February 10, 2023",redeemed,"April 11, 2023",,
SuiteDash,Code-based,"February 10, 2023",redeemed,"April 11, 2023",,
SuiteDash,Code-based,"February 10, 2023",redeemed,"April 11, 2023",,
SuiteDash,Code-based,"February 10, 2023",redeemed,"April 11, 2023",,
SuiteDash,Code-based,"February 10, 2023",redeemed,"April 11, 2023",,
SuiteDash,Code-based,"February 10, 2023",redeemed,"April 11, 2023",,
SuiteDash,Code-based,"February 10, 2023",redeemed,"April 11, 2023",,
SuiteDash,Code-based,"February 10, 2023",redeemed,"April 11, 2023",,
WellyBox,Code-based,"February 10, 2023",expired,"April 11, 2023",,
Directual,License Tier 4,"February 07, 2023",activated,"April 08, 2023",,
SUPERMACHINE,Code-based,"January 26, 2023",redeemed,"March 27, 2023",,
SUPERMACHINE,Code-based,"January 26, 2023",redeemed,"March 27, 2023",,
SUPERMACHINE,Code-based,"January 26, 2023",redeemed,"March 27, 2023",,
SUPERMACHINE,Code-based,"January 26, 2023",redeemed,"March 27, 2023",,
SUPERMACHINE,Code-based,"January 26, 2023",redeemed,"March 27, 2023",,
SuiteDash,Code-based,"January 20, 2023",redeemed,"March 21, 2023",,
SuiteDash,Code-based,"January 20, 2023",redeemed,"March 21, 2023",,
SuiteDash,Code-based,"January 20, 2023",redeemed,"March 21, 2023",,
SuiteDash,Code-based,"January 20, 2023",redeemed,"March 21, 2023",,
SuiteDash,Code-based,"January 20, 2023",redeemed,"March 21, 2023",,
SuiteDash,Code-based,"January 20, 2023",redeemed,"March 21, 2023",,
SuiteDash,Code-based,"January 20, 2023",redeemed,"March 21, 2023",,
SuiteDash,Code-based,"January 20, 2023",redeemed,"March 21, 2023",,
SuiteDash,Code-based,"January 20, 2023",redeemed,"March 21, 2023",,
SuiteDash,Code-based,"January 20, 2023",redeemed,"March 21, 2023",,
Build BIG relationships by hosting small gatherings ‚Äì Plus exclusive Masterclass,Digital Download,"January 17, 2023",expired,"March 18, 2023",,
Laxis,License Tier 2,"January 09, 2023",activated,"March 10, 2023",,
Heartbeat,License Tier 2,"December 30, 2022",activated,"February 28, 2023",,
Heartbeat,License Tier 2,"December 30, 2022",activated,"February 28, 2023",,
Heartbeat,License Tier 2,"December 30, 2022",activated,"February 28, 2023",,
Heartbeat,License Tier 2,"December 29, 2022",activated,"February 27, 2023",,
Heartbeat,License Tier 2,"December 28, 2022",activated,"February 26, 2023",,
Heartbeat,License Tier 2,"December 28, 2022",activated,"February 26, 2023",,
Heartbeat,License Tier 2,"December 27, 2022",activated,"February 25, 2023",,
Heartbeat,License Tier 2,"December 27, 2022",activated,"February 25, 2023",,
RTILA - RPA &  Web Automation,Code-based,"December 26, 2022",redeemed,"February 24, 2023",,
RTILA - RPA &  Web Automation,Code-based,"December 26, 2022",redeemed,"February 24, 2023",,
RTILA - RPA &  Web Automation,Code-based,"December 26, 2022",redeemed,"February 24, 2023",,
RTILA - RPA &  Web Automation,Code-based,"December 26, 2022",redeemed,"February 24, 2023",,
RTILA - RPA &  Web Automation,Code-based,"December 26, 2022",redeemed,"February 24, 2023",,
RTILA - RPA &  Web Automation,Code-based,"December 26, 2022",redeemed,"February 24, 2023",,
Keyframe Audio,License Tier 1,"December 20, 2022",activated,"February 18, 2023",,
UPDF - PDF Editor All Platforms for Individuals,Code-based,"December 20, 2022",redeemed,"February 18, 2023",,
Exclusive Addons - Everything you need for your Elementor,Code-based,"December 15, 2022",expired,"February 13, 2023",,
Taskade,License Tier 3,"December 15, 2022",activated,"February 13, 2023",,
Katteb - Fact Checked AI Writer,Code-based,"December 15, 2022",redeemed,"February 13, 2023",,
Katteb - Fact Checked AI Writer,Code-based,"December 15, 2022",redeemed,"February 13, 2023",,
Katteb - Fact Checked AI Writer,Code-based,"December 15, 2022",redeemed,"February 13, 2023",,
ShortySMS - Plus exclusive,ShortySMS Tier 1 - Plus Exclusive,"December 13, 2022",activated,"September 21, 2023",,
Night Eye - dark mode extension,Code-based,"December 13, 2022",expired,"February 11, 2023",,
Komodo Decks,License Tier 4,"December 13, 2022",activated,"February 11, 2023",,
Making Your Website Work: Copy & Design Tweaks for Smart Business Owners,Digital Download,"December 03, 2022",expired,"February 01, 2023",,
Brilliant Directories,License Tier 5,"November 29, 2022",activated,"January 28, 2023",,
Lead Magnet & eBook Canva Template Pack,Code-based,"November 27, 2022",expired,"January 26, 2023",,
The 7-Day Rainmaker Email Sequence,Code-based,"November 27, 2022",expired,"January 26, 2023",,
Canva Printable Mockup Templates,Code-based,"November 27, 2022",expired,"January 26, 2023",,
2700+Canva Templates,Digital Download,"November 27, 2022",expired,"January 26, 2023",,
Planner & Ebook Canva Templates (100+ Page Templates),Digital Download,"November 27, 2022",expired,"January 26, 2023",,
MentorFrame - Wireframe Templates For Elementor,Code-based,"November 27, 2022",expired,"January 26, 2023",,
DesignOye Marketplace,Code-based,"November 27, 2022",expired,"January 26, 2023",,
Robomotion RPA - Plus Exclusive,License Tier 4,"November 27, 2022",activated,"January 26, 2023",,
Brilliant Directories,License Tier 5,"November 26, 2022",activated,"January 25, 2023",,
FlowShare Express - Plus exclusive,Code-based,"November 26, 2022",expired,"January 25, 2023",,
TruConversion,TruConversion Business Unlimited,"November 24, 2022",activated,"January 23, 2023",,
InTab.io,Code-based,"November 23, 2022",expired,"January 22, 2023",,
Acumbamail,License Tier 4,"November 21, 2022",activated,"January 20, 2023",,
Flowlu,Code-based,"November 18, 2022",redeemed,"January 17, 2023",,
Flowlu,Code-based,"November 18, 2022",redeemed,"January 17, 2023",,
Flowlu,Code-based,"November 18, 2022",redeemed,"January 17, 2023",,
Flowlu,Code-based,"November 18, 2022",redeemed,"January 17, 2023",,
Flowlu,Code-based,"November 18, 2022",redeemed,"January 17, 2023",,
Flowlu,Code-based,"November 18, 2022",expired,"January 17, 2023",,
FlexClip,Code-based,"November 14, 2022",expired,"January 13, 2023",,
FlexClip,Code-based,"November 14, 2022",expired,"January 13, 2023",,
FlexClip,Code-based,"November 14, 2022",expired,"January 13, 2023",,
Agiled,Code-based,"November 12, 2022",redeemed,"January 11, 2023",,
Agiled,Code-based,"November 12, 2022",redeemed,"January 11, 2023",,
Agiled,Code-based,"November 12, 2022",redeemed,"January 11, 2023",,
Agiled,Code-based,"November 12, 2022",redeemed,"January 11, 2023",,
Agiled,Code-based,"November 12, 2022",redeemed,"January 11, 2023",,
Agiled,Code-based,"November 12, 2022",redeemed,"January 11, 2023",,
Agiled,Code-based,"November 12, 2022",redeemed,"January 11, 2023",,
Agiled,Code-based,"November 12, 2022",redeemed,"January 11, 2023",,
Agiled,Code-based,"November 12, 2022",expired,"January 11, 2023",,
typedesk,Code-based,"November 10, 2022",redeemed,"January 09, 2023",,
typedesk,Code-based,"November 10, 2022",redeemed,"January 09, 2023",,
NeuronWriter,Code-based,"November 08, 2022",redeemed,"January 07, 2023",,
NeuronWriter,Code-based,"November 08, 2022",redeemed,"January 07, 2023",,
NeuronWriter,Code-based,"November 08, 2022",redeemed,"January 07, 2023",,
NeuronWriter,Code-based,"November 08, 2022",redeemed,"January 07, 2023",,
NeuronWriter,Code-based,"November 08, 2022",redeemed,"January 07, 2023",,
Easyflow.io - Automation and Data Visualisation Platform,Code-based,"November 06, 2022",redeemed,"January 05, 2023",,
Easyflow.io - Automation and Data Visualisation Platform,Code-based,"November 06, 2022",redeemed,"January 05, 2023",,
Easyflow.io - Automation and Data Visualisation Platform,Code-based,"November 06, 2022",redeemed,"January 05, 2023",,
AppSumo Connect Beta - Plus exclusive,AppSumo Connect Beta - Plus exclusive,"November 04, 2022",activated,"January 03, 2023",,
GoZen Forms.Ai,License Tier 5,"November 03, 2022",activated,"January 02, 2023",,
Heybase,License Tier 2,"November 03, 2022",activated,"January 02, 2023",,
Smart vCard White-Label Agency License,Code-based,"October 26, 2022",redeemed,"December 25, 2022",,
Crove,Code-based,"October 26, 2022",redeemed,"December 25, 2022",,
Hoverify - Plus exclusive,Code-based,"October 23, 2022",expired,"December 22, 2022",,
FlyFin,Code-based,"October 23, 2022",expired,"December 22, 2022",,
Crove,Code-based,"October 23, 2022",redeemed,"December 22, 2022",,
Crove,Code-based,"October 23, 2022",redeemed,"December 22, 2022",,
ContextMinds,Code-based,"October 20, 2022",redeemed,"December 19, 2022",,
ContextMinds,Code-based,"October 20, 2022",redeemed,"December 19, 2022",,
ContextMinds,Code-based,"October 20, 2022",redeemed,"December 19, 2022",,
ContextMinds,Code-based,"October 20, 2022",redeemed,"December 19, 2022",,
Better Sheets,Code-based,"October 11, 2022",expired,"December 10, 2022",,
AppSumo's Virtual Assistant Gig Goldmine,Digital Download,"September 23, 2022",expired,"November 22, 2022",,
Mobiroller,License Tier 5,"September 22, 2022",activated,"November 21, 2022",,
gini,License Tier 1,"September 19, 2022",activated,"November 18, 2022",,
AppSumo's 75 No-Code Business Ideas,Digital Download,"September 19, 2022",expired,"November 18, 2022",,
Fliki,Code-based,"September 18, 2022",redeemed,"November 17, 2022",,
Markopolo ai,License Tier 3,"September 13, 2022",activated,"November 12, 2022",,
Hide My WP Ghost,Code-based,"September 13, 2022",redeemed,"November 12, 2022",,
Hide My WP Ghost,Code-based,"September 13, 2022",redeemed,"November 12, 2022",,
Hide My WP Ghost,Code-based,"September 13, 2022",expired,"November 12, 2022",,
Nexweave,License Tier 4,"September 05, 2022",activated,"November 04, 2022",,
Heartbeat,License Tier 2,"August 31, 2022",activated,"October 30, 2022",,
Spoken (formerly Rumble Studio),License Tier 2,"August 30, 2022",activated,"October 29, 2022",,
Boomerangme,Code-based,"August 30, 2022",redeemed,"October 29, 2022",,
Boomerangme,Code-based,"August 30, 2022",redeemed,"October 29, 2022",,
Boomerangme,Code-based,"August 30, 2022",redeemed,"October 29, 2022",,
Boomerangme,Code-based,"August 30, 2022",redeemed,"October 29, 2022",,
Boomerangme,Code-based,"August 30, 2022",redeemed,"October 29, 2022",,
Heartbeat,License Tier 2,"August 30, 2022",activated,"October 29, 2022",,
PlayCode - Javascript Playground,Code-based,"August 27, 2022",expired,"October 26, 2022",,
TeleportHQ,License Tier 3,"August 22, 2022",activated,"October 21, 2022",,
SocialNowa Chatbot - Plus exclusive,Code-based,"August 18, 2022",redeemed,"October 17, 2022",,
SocialNowa Chatbot - Plus exclusive,Code-based,"August 18, 2022",redeemed,"October 17, 2022",,
SocialNowa Chatbot - Plus exclusive,Code-based,"August 18, 2022",redeemed,"October 17, 2022",,
SocialNowa Chatbot - Plus exclusive,Code-based,"August 18, 2022",redeemed,"October 17, 2022",,
SocialNowa Chatbot - Plus exclusive,Code-based,"August 18, 2022",redeemed,"October 17, 2022",,
Flotiq,License Tier 4,"August 15, 2022",activated,"October 14, 2022",,
Cheat Layer,Code-based,"August 02, 2022",redeemed,"October 01, 2022",,
Cheat Layer,Code-based,"August 02, 2022",redeemed,"October 01, 2022",,
Cheat Layer,Code-based,"August 02, 2022",expired,"October 01, 2022",,
Cheat Layer,Code-based,"August 02, 2022",redeemed,"October 01, 2022",,
Cheat Layer,Code-based,"August 02, 2022",redeemed,"October 01, 2022",,
Cheat Layer,Code-based,"August 02, 2022",redeemed,"October 01, 2022",,
Cheat Layer,Code-based,"August 02, 2022",redeemed,"October 01, 2022",,
Cheat Layer,Code-based,"August 02, 2022",redeemed,"October 01, 2022",,
Cheat Layer,Code-based,"August 02, 2022",redeemed,"October 01, 2022",,
Brilliant Directories,License Tier 5,"July 29, 2022",activated,"September 27, 2022",,
LeadRocks - Plus exclusive,Code-based,"July 21, 2022",expired,"September 19, 2022",,
Brilliant Directories,License Tier 5,"July 21, 2022",activated,"September 19, 2022",,
Cheqbook,Code-based,"July 17, 2022",expired,"September 15, 2022",,
Baseline,License Tier 3,"July 13, 2022",activated,"September 11, 2022",,
Noota,License Tier 4,"July 12, 2022",activated,"September 10, 2022",,
heylogin,Code-based,"July 08, 2022",redeemed,"September 06, 2022",,
Get Into UX: A Foolproof Guide to Getting Your First User Experience Job,Digital Download,"July 08, 2022",expired,"September 06, 2022",,
Formaloo,License Tier 5,"July 05, 2022",activated,"September 03, 2022",,
Stackby,Code-based,"June 30, 2022",redeemed,"August 29, 2022",,
Brilliant Directories,License Tier 5,"June 29, 2022",activated,"August 28, 2022",,
Gleap,License Tier 4,"June 28, 2022",activated,"August 27, 2022",,
UXR Kit - 50 Research and Documentation templates for Figma,Digital Download,"June 22, 2022",expired,"August 21, 2022",,
Getscreen.me,Code-based,"June 21, 2022",expired,"August 20, 2022",,
Getscreen.me,Code-based,"June 21, 2022",expired,"August 20, 2022",,
Getscreen.me,Code-based,"June 21, 2022",expired,"August 20, 2022",,
Getscreen.me,Code-based,"June 21, 2022",expired,"August 20, 2022",,
Poda - Plus exclusive,Code-based,"June 06, 2022",expired,"August 05, 2022",,
Nifty,Code-based,"June 05, 2022",redeemed,"August 04, 2022",,
Nifty,Code-based,"June 05, 2022",redeemed,"August 04, 2022",,
Nifty,Code-based,"June 05, 2022",redeemed,"August 04, 2022",,
Nifty,Code-based,"June 05, 2022",redeemed,"August 04, 2022",,
Nifty,Code-based,"June 05, 2022",redeemed,"August 04, 2022",,
Nifty,Code-based,"June 05, 2022",redeemed,"August 04, 2022",,
Nifty,Code-based,"June 05, 2022",redeemed,"August 04, 2022",,
Nifty,Code-based,"June 05, 2022",redeemed,"August 04, 2022",,
Nifty,Code-based,"June 05, 2022",redeemed,"August 04, 2022",,
Nifty,Code-based,"June 05, 2022",redeemed,"August 04, 2022",,
tabExtend - Plus exclusive,Code-based,"June 01, 2022",expired,"July 31, 2022",,
KonnectzIT,Code-based,"May 26, 2022",redeemed,"July 25, 2022",,
KonnectzIT,Code-based,"May 26, 2022",redeemed,"July 25, 2022",,
KonnectzIT,Code-based,"May 26, 2022",redeemed,"July 25, 2022",,
KonnectzIT,Code-based,"May 26, 2022",redeemed,"July 25, 2022",,
KonnectzIT,Code-based,"May 26, 2022",redeemed,"July 25, 2022",,
KonnectzIT,Code-based,"May 26, 2022",redeemed,"July 25, 2022",,
KonnectzIT,Code-based,"May 26, 2022",redeemed,"July 25, 2022",,
KonnectzIT,Code-based,"May 26, 2022",redeemed,"July 25, 2022",,
KonnectzIT,Code-based,"May 26, 2022",redeemed,"July 25, 2022",,
KonnectzIT,Code-based,"May 26, 2022",redeemed,"July 25, 2022",,
KonnectzIT,Code-based,"May 25, 2022",redeemed,"July 24, 2022",,
KonnectzIT,Code-based,"May 25, 2022",redeemed,"July 24, 2022",,
KonnectzIT,Code-based,"May 25, 2022",redeemed,"July 24, 2022",,
KonnectzIT,Code-based,"May 25, 2022",redeemed,"July 24, 2022",,
KonnectzIT,Code-based,"May 25, 2022",redeemed,"July 24, 2022",,
KonnectzIT,Code-based,"May 25, 2022",redeemed,"July 24, 2022",,
KonnectzIT,Code-based,"May 25, 2022",redeemed,"July 24, 2022",,
KonnectzIT,Code-based,"May 25, 2022",redeemed,"July 24, 2022",,
KonnectzIT,Code-based,"May 25, 2022",redeemed,"July 24, 2022",,
KonnectzIT,Code-based,"May 25, 2022",redeemed,"July 24, 2022",,
Plerdy,Code-based,"May 24, 2022",redeemed,"July 23, 2022",,
Plerdy,Code-based,"May 24, 2022",redeemed,"July 23, 2022",,
Plerdy,Code-based,"May 24, 2022",redeemed,"July 23, 2022",,
Plerdy,Code-based,"May 24, 2022",redeemed,"July 23, 2022",,
Plerdy,Code-based,"May 24, 2022",redeemed,"July 23, 2022",,
Plerdy,Code-based,"May 24, 2022",redeemed,"July 23, 2022",,
Plerdy,Code-based,"May 24, 2022",redeemed,"July 23, 2022",,
Plerdy,Code-based,"May 24, 2022",redeemed,"July 23, 2022",,
Plerdy,Code-based,"May 24, 2022",redeemed,"July 23, 2022",,
Plerdy,Code-based,"May 24, 2022",redeemed,"July 23, 2022",,
Hexomatic,Code-based,"May 24, 2022",redeemed,"July 23, 2022",,
Hexomatic,Code-based,"May 24, 2022",redeemed,"July 23, 2022",,
Hexomatic,Code-based,"May 24, 2022",expired,"July 23, 2022",,
SendFox - Plus exclusive,SendFox Tier 1 - Plus Exclusive,"May 24, 2022",activated,"July 23, 2022",,
Logic Sheet,Code-based,"May 11, 2022",expired,"July 10, 2022",,
WP Reset Pro Plan,License Tier 1,"May 11, 2022",activated,"July 10, 2022",,
Meetgeek,License Tier 1,"May 10, 2022",activated,"July 09, 2022",,
"Power-User for PowerPoint, Excel & Word",Code-based,"May 08, 2022",expired,"July 07, 2022",,
Apipheny,Code-based,"May 08, 2022",expired,"July 07, 2022",,
Two Minute Reports for Google Data Studio,License Tier 3,"May 04, 2022",activated,"July 03, 2022",,
Getscreen.me,Code-based,"May 04, 2022",expired,"July 03, 2022",,
Paced Email,Code-based,"April 30, 2022",expired,"June 29, 2022",,
Beezer,License Tier 5,"April 28, 2022",activated,"June 27, 2022",,
Ideta - Plus exclusive,License Tier 5,"April 27, 2022",activated,"June 26, 2022",,
Linkjoy,Code-based,"April 24, 2022",redeemed,"June 23, 2022",,
Linkjoy,Code-based,"April 24, 2022",expired,"June 23, 2022",,
BackupSheep,Code-based,"April 23, 2022",expired,"June 22, 2022",,
BackupSheep,Code-based,"April 23, 2022",expired,"June 22, 2022",,
Switchboard Canvas,License Tier 3,"April 23, 2022",activated,"June 22, 2022",,
ContentPresso - AI Image + Social Media Canva Templates,Code-based,"April 23, 2022",expired,"June 22, 2022",,
Blurweb App - Plus Exclusive,Code-based,"April 23, 2022",expired,"June 22, 2022",,
Fireapis,License Tier 3,"April 22, 2022",activated,"June 21, 2022",,
Group Collector - Plus Exclusive,Code-based,"April 19, 2022",redeemed,"June 18, 2022",,
Labrika,Code-based,"April 19, 2022",expired,"June 18, 2022",,
SuperOkay,License Tier 3,"April 18, 2022",activated,"June 17, 2022",,
OUTPRFRM,Code-based,"April 18, 2022",expired,"June 17, 2022",,
Robot.alp,License Tier 4,"April 16, 2022",activated,"June 15, 2022",,
Duply,Code-based,"April 16, 2022",expired,"June 15, 2022",,
Minima Launch Design Kit,Code-based,"April 16, 2022",expired,"June 15, 2022",,
NOYSI,Code-based,"April 16, 2022",expired,"June 15, 2022",,
NOYSI,Code-based,"April 16, 2022",expired,"June 15, 2022",,
Decktopus,Code-based,"April 16, 2022",expired,"June 15, 2022",,
Filestar for Windows,Code-based,"April 16, 2022",expired,"June 15, 2022",,
Overlay,Code-based,"April 16, 2022",expired,"June 15, 2022",,
Screpy - Plus Exclusive,Code-based,"April 16, 2022",expired,"June 15, 2022",,
SimilarMail,Code-based,"April 16, 2022",expired,"June 15, 2022",,
Linkjoy,Code-based,"April 11, 2022",expired,"June 10, 2022",,
Eurekaa,Code-based,"April 11, 2022",expired,"June 10, 2022",,
AskJarvis,License Tier 3,"April 11, 2022",activated,"June 10, 2022",,
VectorGrove,VectorGrove Freebie License,"April 11, 2022",activated,"June 10, 2022",,
Sturppy,License Tier 2,"April 10, 2022",activated,"June 09, 2022",,
Deep Talk,License Tier 4,"April 10, 2022",activated,"June 09, 2022",,
Meta API,License Tier 3,"April 08, 2022",activated,"June 07, 2022",,
DocPro - Plus exclusive,Code-based,"April 08, 2022",expired,"June 07, 2022",,
nichesss,Code-based,"April 06, 2022",expired,"June 05, 2022",,
Usetiful,License Tier 1,"April 05, 2022",activated,"June 04, 2022",,
Writecream,Code-based,"April 04, 2022",expired,"June 03, 2022",,
Bramework - Plus Exclusive,License Tier 1,"April 03, 2022",activated,"June 02, 2022",,
CheatLayer,Code-based,"April 03, 2022",expired,"June 02, 2022",,
WordHero - AI Content Writer,Code-based,"April 02, 2022",expired,"June 01, 2022",,
AppSumo Plus Yearly Plan,,"April 02, 2022",expired,,,
LeadScripts,Code-based,"April 02, 2022",redeemed,"June 01, 2022",,
Riku.AI,Code-based,"April 02, 2022",expired,"June 01, 2022",,
Agiled,Code-based,"April 01, 2022",expired,"May 31, 2022",,
WriterZen,Code-based,"March 31, 2022",expired,"May 30, 2022",,
WriterZen,Code-based,"March 31, 2022",expired,"May 30, 2022",,
WriterZen,Code-based,"March 31, 2022",expired,"May 30, 2022",,
WriterZen,Code-based,"March 31, 2022",expired,"May 30, 2022",,
TimeTrack By Apploye,Code-based,"June 07, 2020",expired,"August 06, 2020",,
OWOX BI,Code-based,"September 02, 2018",expired,"November 01, 2018",,
Story Chief,Code-based,"September 02, 2018",expired,"November 01, 2018",,
